{
  "LSTM": {
    "train_loss": [
      0.8719136714935303,
      0.7613822162151337,
      0.6656877875328064,
      0.6328096687793732,
      0.5843645632266998,
      0.5385119110345841,
      0.49230863749980924,
      0.45874142050743105,
      0.4532690018415451,
      0.4395354062318802,
      0.43082281947135925,
      0.4237252354621887
    ],
    "val_loss": [
      1.0141584157943726,
      0.8680110931396484,
      0.8713189482688903,
      0.9050914168357849,
      0.8985256075859069,
      0.8957515358924866,
      0.9676724433898926,
      1.0159109711647034,
      0.9524081468582153,
      1.0498772859573364,
      1.0119717240333557,
      1.0328723192214966
    ],
    "best_val_loss": 0.8680110931396484
  },
  "Transformer": {
    "train_loss": [
      0.9994456470012665,
      0.7901028871536255,
      0.5643667697906494,
      0.503270822763443,
      0.4801866114139557,
      0.4702324986457825,
      0.464536988735199,
      0.4590680420398712,
      0.45324330031871796,
      0.44180303514003755,
      0.4365203261375427,
      0.42863057255744935,
      0.41772508919239043,
      0.41187505424022675,
      0.4018809199333191,
      0.3908383667469025,
      0.38196454644203187,
      0.36941110491752627
    ],
    "val_loss": [
      0.9939470052719116,
      0.8177975058555603,
      0.8360059142112732,
      0.7756933331489563,
      0.7978906035423279,
      0.7888815999031067,
      0.7787042140960694,
      0.7748591542243958,
      0.7859233260154724,
      0.7982364416122436,
      0.8030696034431457,
      0.7918284654617309,
      0.7933351635932923,
      0.8034217476844787,
      0.8344946265220642,
      0.824498426914215,
      0.8395144462585449,
      0.8509398937225342
    ],
    "best_val_loss": 0.7748591542243958
  },
  "CNN-Transformer": {
    "train_loss": [
      0.8908221244812011,
      0.7574014961719513,
      0.6171173036098481,
      0.5482356548309326,
      0.5176587402820587,
      0.49566190540790556,
      0.4760248869657516,
      0.4654876857995987,
      0.4607806384563446,
      0.4579123169183731,
      0.4502025038003922,
      0.44164796769618986,
      0.4311330258846283,
      0.4233848124742508,
      0.41937356889247895,
      0.41579481661319734,
      0.40175879299640654
    ],
    "val_loss": [
      1.048433256149292,
      0.8862504959106445,
      0.8237299799919129,
      0.8434654235839844,
      0.7909772038459778,
      0.768595278263092,
      0.76808260679245,
      0.7802802801132203,
      0.8156044125556946,
      0.8070866584777832,
      0.852119529247284,
      0.8265094637870789,
      0.8082427024841309,
      0.8074839830398559,
      0.8200663328170776,
      0.8363550305366516,
      0.8039279341697693
    ],
    "best_val_loss": 0.76808260679245
  }
}